{"typst_frac": {"count": 8, "last": 1781964306.7914698}, "plantuml_if": {"count": 3, "last": 1781964289.1957564}, "typst_table": {"count": 35, "last": 1781965834.0530968}}